date_utc,job,where,test,state,wait_before_start_min,run_h,threads_max,core_h_upper,note,intent
2026-09-30 00:53,5ab7119d,server,Wait for test AA,done,21.1,0.325,0,0.0,"waited for test AA, which ran outside the job system (not counted)","Wait for test AA (already running under nohup) to write aa.done, then copy back its summary and logs; sleep loop only, no compute"
2026-09-30 01:15,41008109,server,Test AB,done,0.0,0.043,8,0.34,,"Test AB: 2 profiled 1 h forecasts (calm 18Z 09-22, calm 06Z 09-23), torch x8, in sequence, ~4 min; writes only under data/verification_tests/ab"
2026-10-01 14:17,3d8813e6,server,Build dev copy of NWP1,done,3.2,0.006,1,0.01,,"Build dev copy of NWP1 (git archive 444fe9f + 4 changed .py files) under scratch/dev; run its unit tests (numpy, 1 thread). No change to the git checkout"
2026-10-01 14:19,a0c5e86b,server,Test AC,failed,0.0,0.004,0,0.0,failed at start,"Test AC: PAV convective adjustment. 5 runs (three 24 h + one 1 h at torch x8, max 2 at once = 16 threads; two persistence writes), then verification; ~45 min"
2026-10-01 14:19,44e41168,server,Test AC (resubmit),done,0.0,1.113,16,17.81,,"Test AC (resubmit with set +e so one failed run cannot skip the rest): PAV adjustment, 5 runs, max 2 at once = 16 threads, then verification; ~45 min"
2026-10-01 14:20,af8b28e9,server,Ingest observations for 2 past cycles,done,0.0,0.072,1,0.07,,"Ingest observations for 2 past cycles (2026-09-26T00, 2026-09-29T00) with the existing ingest_obs.py, 1 thread; writes the two obs_ run dirs"
2026-10-01 15:27,03c204a0,server,Re-verify the two 06Z test AC runs,done,0.0,0.494,1,0.49,,Re-verify the two 06Z test AC runs (IEM returned 503 earlier); up to 3 tries with 2-min pauses; no forecasts
2026-10-01 15:28,048c15f3,server,Test AD,done,0.0,2.092,16,33.47,,"Test AD stability campaign: ingest + 24 h PAV forecast + persistence for 20 past cycles (26-30 Sep), two chains in parallel at torch x8 = 16 threads; ~2.5 h; verification later"
2026-10-01 15:39,b2d47a69,server,Test AE,done,0.0,1.733,8,13.86,,"Test AE: diurnal surface heating. Build dev2 copy (444fe9f + overlay incl. diurnal.py), unit tests, then four 24 h PAV runs at torch x8 (one at a time, alongside the campaign) + persistence, verificat"
2026-10-01 17:35,0abd3977,server,Campaign verification,failed,0.1,0.702,16,11.23,failed part-way; resumed as the next job,"Campaign verification (20 cycles vs persistence, polite IEM fetches as windows close) + AE2 heating re-test + heating on all 20 cycles (2 streams) + AF analysis rebuild; ~26 threads, ~2.5 h"
2026-10-01 18:18,9cf04e53,server,Resume,done,0.0,1.411,26,36.67,,"Resume: 12 remaining heated 24 h runs (2 streams, torch x8) + verification of everything as a pool of 10 single-thread workers (staggered IEM fetches); ~26 cores, ~2 h"
2026-10-01 18:21,38e471b1,server,P-66 check,done,0.1,0.238,1,0.24,,"P-66 check: old vs new QC buddy search on one archived 24 h ASOS window (1 thread, ~15 min, reads only)"
2026-10-01 19:09,1ad3437c,server,Test AG,done,0.0,0.269,16,4.31,,"Test AG (P-67): 3 variants of the heated 28 Sep 00Z 24 h run (no momentum mixing / no night cooling / night cooling only), 2 then 1 at torch x8; ~20 min"
2026-10-01 19:26,fc86ff6c,server,Test AH,failed,0.0,1.512,16,24.2,failed part-way (verification),"Test AH: heating with momentum mixing off on all 20 campaign cycles (2 streams, torch x8), verified on the campaign observations (report-only); ~1.5 h"
2026-10-01 21:13,ea9b40d4,server,Test AI,done,0.0,0.061,10,0.61,,"Test AI (P-68): re-score 60 archived verifications (model, persistence, heated; 20 cycles) with the 10 m wind operator, report-only, pool of 10 single threads; ~15 min"
2026-10-02 14:16,121f42e3,server,Run NWP1's six unit-test suites on the s,done,1.2,0.016,8,0.13,,"Run NWP1's six unit-test suites on the server at commit c7380aa (about 2 min, 8 threads)"
2026-10-02 14:18,05c4b073,server,Test AJ,done,0.0,0.012,1,0.01,,"Test AJ: diagnose where the model's near-surface wind grows (read-only on 40 existing forecast files; 1 core, ~2 min)"
2026-10-02 14:21,d110c18b,server,Test AJ2,done,0.1,1.288,24,30.91,,"Test AJ2: 4 variants (control, no mixing, no convective momentum, z0=1.0) x 8 campaign cycles, 24 h each, 4 streams at torch x6 (24 threads), plus report-only verification; ~80-100 min"
2026-10-02 14:25,49070dc0,server,Day/night split of the 10 m wind speed r,done,0.0,0.005,1,0.0,,"Day/night split of the 10 m wind speed ratio for the AD model, persistence and AH archives (read-only, 1 core, ~1 min)"
2026-10-02 14:33,a9c3348f,server,Smoke test of the new force-restore land,failed,0.1,0.062,2,0.12,failed (smoke test bug),"Smoke test of the new force-restore land surface: unit tests, a 3 h torch x2 forecast with --land-surface, and similarity verification (~5 min, 2 threads)"
2026-10-02 14:48,cd429f86,server,Baseline time-of-day scores,done,0.1,0.007,1,0.01,,"Baseline time-of-day scores (2 m T bias/RMSE, 10 m wind ratio/RMSE) for AD, persistence and AH (read-only, 1 core)"
2026-10-02 14:54,3e2e29ac,server,Test AK,done,0.1,2.529,24,60.7,includes waiting for AJ2 to finish,"Test AK: force-restore land surface on all 20 campaign cycles (3 streams torch x8 = 24 threads, starts only after AJ2 finishes), persistence with ground temperature, verification standard + similarity"
2026-10-02 15:39,45c28a73,server,Locate where the 28 Sep afternoon diverg,done,0.1,0.006,1,0.01,,"Locate where the 28 Sep afternoon divergences start (z0=1.0 06Z run, control, P-67 run); read-only, 1 core"
2026-10-02 15:42,141f3c16,server,P-67 tendency budget at the northern-Ver,done,0.1,0.007,1,0.01,,"P-67 tendency budget at the northern-Vermont hot spot from saved hourly states (z0=1.0 and control, 28 Sep 06Z); numpy, 1 core each"
2026-10-02 15:43,b67f971a,server,P-67 budget re-run with horizontal/verti,done,0.1,0.006,1,0.01,,"P-67 budget re-run with horizontal/vertical advection split and closure residual (numpy, 1 core)"
2026-10-02 15:46,e5855031,server,Test AL,done,0.0,3.103,24,74.47,includes waiting for AK to finish,"Test AL: third-order upwind advection on the 20 campaign cycles + the two 28 Sep P-67 failures (3 streams torch x8 = 24 threads; waits for AK to finish first), verification and budget diagnostics; ~1."
2026-10-02 18:56,44bbc578,server,Test AM,done,0.0,1.593,24,38.23,,"Test AM: combined candidate (upwind3 advection + land surface + land/sea roughness) on the 20 campaign cycles, 3 streams torch x8 = 24 threads, similarity + standard verification; ~1.5 h"
2026-10-02 20:32,669ef848,server,Export pooled per-lead 2 m T and 10 m wi,done,0.0,0.006,1,0.01,,"Export pooled per-lead 2 m T and 10 m wind scores for persistence, AD, AK and AM (read-only, 1 core)"
2026-10-02 21:30,857ef10a,server,Thread-scaling benchmark for the CAM cos,done,0.0,0.089,64,5.72,sequential thread counts 8-64; core-h is an upper bound,"Thread-scaling benchmark for the CAM cost estimate: a 2 h forecast at 8/16/24/32/48/64 torch threads, sequential, nice 19 (server idle)"
2026-10-02 21:36,1975c024,server,Benchmark the core's tendency computatio,done,0.1,0.021,64,1.33,sequential thread counts 8-64; upper bound,"Benchmark the core's tendency computation at 12 km and 3 km array sizes at 8/16/32/64 threads (nice 19, ~3 min, server idle)"
2026-10-02 21:38,b09c1cbc,server,Test AN,done,0.1,4.92,32,157.43,includes ~0.3 h of sequential analyses and ~1.7 h of single-thread verification; upper bound,"Test AN: holdout check of the AM candidate on 32 unseen cycles (19-25 Sep, 1 Oct): build analyses from archived observations (sequential, polite), run persistence/AD/AM (4 streams x 8 threads, nice 19"
2026-10-03 15:54,7efb640f,server,Test AO,done,0.4,0.495,20,9.89,20 single-thread runs in parallel,"Test AO (CAM stage S2 gate): non-hydrostatic core on the 20 campaign cycles, 20 single-thread numpy runs in parallel at nice 19 (~20 cores, ~30-40 min), verification and comparison against AL"
2026-10-03 19:23,08d186a2,server,Test S3a,done,34.8,0.074,1,0.07,,"Test S3a (CAM stage S3): baseline cost of the non-hydrostatic core at 12, 4 and 3 km, one core at nice 19 (~15-25 min)"
2026-10-03 19:23,8c6e3b5b,server,Test S3b,done,0.1,0.008,52,0.43,sequential 1-52 threads; upper bound,"Test S3b (CAM stage S3): one representative stencil on the 3 km x 40 level array with numpy, torch and plain C/OpenMP (compiled with the server's gcc, nothing installed); threads up to 52, nice 19, ~5"
2026-10-03 20:52,d1739005,server,Test S4a-bench,done,0.1,0.021,26,0.55,,"Test S4a-bench: NH core with compiled acoustic substeps at 3 km x 40 (26 threads) and 12 km (8 threads), nice 19, ~5 min"
2026-10-03 20:58,d7ef97b1,server,Test S4b,done,0.1,0.011,52,0.58,13/26/52 threads in sequence; upper bound,"Test S4b: NH dynamics fully in C at 3 km x 40 (13/26/52 threads) and 12 km (8 threads), nice 19, ~5 min"
2026-10-03 21:00,186eafbf,server,Test S4c,done,0.0,0.084,8,0.67,,"Test S4c: 24 h real-case NH forecast (28 Sep 06Z) with the C kernels, 8 threads at nice 19, compared field by field with the NumPy NH run from test AO (~10 min)"
2026-10-03 21:31,0952a848,server,Test S5a,done,0.1,1.084,32,34.68,,"Test S5a: NH core (C kernels) on the 20 campaign cycles with physics once per step, at 20 and 40 levels; 4 streams x 8 threads at nice 19 (~45 min); verification vs test AO"
2026-10-03 21:35,65cbe7da,server,Test S5b,done,0.1,0.162,8,1.3,"8 processes nominally 1 thread, but each took up to 52 BLAS threads (P-71): load reached 94","Test S5b: build 3 km analyses (plain, gap-filling, gap-filling on steeper terrain) and the 12 km reference for 8 archived cycles from stored observations; fetches 1-arc-minute ETOPO once from NOAA ERD"
2026-10-03 22:38,dee394c6,server,Test S5c,done,0.1,1.540,26,40.04,cycle 1:29:55; deadline stop at 9.54 h (3.7 s/step),"Test S5c: first 3 km nested forecast (28 Sep 06Z, 24 h): 3 km gap-filling analysis, then the C non-hydrostatic core at 26 threads (nice 19) with edges from the 12 km forecast; timing, memory, edge check and verification (~60-80 min)"
2026-10-04 00:17,e2508ffe,server,Profile 1 (S5c),done,6.0,0.176,26,4.58,cProfile of 1 h at 3 km,"Profile 1 h of the 3 km nested forecast (28 Sep 06Z) under cProfile, 26 threads at nice 19 (~15 min): find what besides the C dynamics makes a step take 3.7 s instead of 0.8 s"
2026-10-04 23:25,ef1a851b,server,S5d kernel tests,done,125.0,0.009,4,0.04,test_nh3d_c 9/9,"Unit tests for the new C physics and zone-relaxation kernels (test_nh3d_c.py, test_nh3d.py, test_nest.py) in scratch/dev17; 4 threads, ~1 min"
2026-10-04 23:26,ac9ea647,server,Test S5c2,done,0.1,1.683,26,43.76,cycle 1:32:12 (cam ledger 39.96 core-h) + verification and nest check; deadline stop at 21.79 h,"Test S5c2: rerun the 3 km nested 24 h forecast (28 Sep 06Z) with physics and relaxation now in C, 26 threads at nice 19 (~60-90 min), with timing, memory, edge check and verification"
2026-10-05 01:08,9b984695,server,Profile 2 (S5c2),done,0.1,0.088,26,2.29,cProfile of 1 h at 3 km after S5d,"Profile 1 h of the 3 km nested forecast again (after S5d), 26 threads at nice 19 (~8 min), to find the remaining non-dynamics cost"
2026-10-05 01:21,e4e83f10,server,Test S5e,done,0.1,0.081,26,2.11,"blocked kernels, C PAV; tests, bench, 1 h run","Test S5e: blocked C column kernels, C PAV/max-wind, float32 output; tests, column-vs-block benchmark and a 1 h real 3 km run, 26 threads at nice 19 (~20 min)"
2026-10-05 01:27,e52a8289,server,Test S5c3,done,0.1,0.992,52,51.58,"cycle 53:36 at 26 threads (cam ledger 23.23 core-h); 52 threads only in a ~1 min bench, so core_h_upper is a loose bound","Test S5c3: full 24 h 3 km nested cycle (28 Sep 06Z) with the S5e speedups via cam_cycle.sh, 26 threads at nice 19, plus a thread-binding bench, comparison with S5c2, nest check and verification"
2026-10-05 02:30,fceba2b9,server,Test S5f,done,1.0,0.034,52,1.77,NUMA placement bench; two 26-thread runs at once,"Test S5f: NUMA placement for the 3 km core (nodes are even/odd CPUs): one-socket binding vs default, and two concurrent 26-thread runs on separate sockets, 30-step benches at nice 19 (~6 min); plus a listing of the 12 km driver forecasts for the 20 campaign cycles"
2026-10-05 02:35,a5a8907a,server,Test S5g,done,0.1,10.095,52,524.94,"19 3 km cycles, two pinned 26-thread streams (cam ledger: 19 lines, 59-67 min each) + 79 single-thread verifications","Test S5g (campaign verification): 3 km dry NH on the 20 campaign cycles (19 new), two cycles at a time pinned one per socket (2 x 26 threads, nice 19; ~9.5 h, ~470 core-hours), then verification of 3 km, 12 km NH, 12 km AD and 12 km AM on the same observations and a paired comparison by lead, day/night and terrain"
2026-10-05 07:12,95dcc9cd,server,S5g interim compare,done,0.1,0.008,1,0.01,,"Interim paired comparison (tools/cam_compare.py) on the S5g cycles finished so far, single thread on hyper-thread siblings at nice 19 (~5 min); checks the scorer on real archives before the campaign ends"
2026-10-05 12:48,f1c98497,server,S5g compare v2,done,6.0,0.009,1,0.01,terrain classes from unlimited ETOPO,"Re-run the S5g paired comparison with terrain classes from the unlimited ETOPO terrain (the model terrain is slope-limited, so every station had come out flat); single thread at nice 19, ~5 min"
2026-10-05 12:53,738dace6,server,Check S5h,done,0.1,0.111,26,2.89,float32 snapshots; 2 h run identical to S5c3,"Check S5h: 3 km snapshots kept as float32 in memory (forecast.py change): test_forecast, a 2 h nested run at 26 threads nice 19 (~6 min), peak memory, and fields compared with S5c3's hours 1-2"
2026-10-06 14:49,98357b62,server,Test S6a+S6b,done,0.1,1.059,32,33.89,"3 km smoke at 26 threads, then 4 pinned 8-thread streams (40 x 12 km runs) + verification","Test S6a+S6b: NH land surface — kernel tests, a 1 h 3 km smoke run (26 threads), then the 12 km gate: 20 cycles x 2 arms (land surface with z0 0.1 / z0 map), 4 pinned streams of 8 threads at nice 19, verification and paired comparison with dry NH and AM (~1.5 h); writes the gate file for S6c"
2026-10-06 14:49,1d8a7a3e,server,Test S6c,done,0.1,11.474,52,541.01,"waited 1.07 h for the S6b gate (sleep, no compute; core_h counts only the 10.40 h after it); 20 3 km cycles, two pinned 26-thread streams","Test S6c: 3 km campaign with the NH land surface on the 20 campaign cycles, edges from the AM forecasts; starts only if the S6b gate passes (waits up to 5 h), then two cycles at a time pinned one per socket (2 x 26 threads, nice 19; ~10-11 h, ~550 core-hours), verification and paired comparison"
2026-10-02 22:12,-,desktop,"S2 NH 24 h (28 Sep 06Z), per-step relaxation",done,0,0.3,1,0.3,desktop runs under 5 min are not itemised,
2026-10-02 22:35,-,desktop,"S2 NH 24 h (28 Sep 06Z), relaxation per unit time",done,0,0.3,1,0.3,desktop runs under 5 min are not itemised,
